country,meropenem_res,meropenem_sus,ciprofloxacin_res,ciprofloxacin_sus,cefotaxime_res,cefotaxime_sus,total,meropenem_rate,ciprofloxacin_rate,cefotaxime_rate
USA: District of Columbia,2,2095,353,1735,7,16,4208,0.0014,0.1694,0.32
USA,257,218,326,1242,314,19,2376,0.5409,0.2083,0.9403
USA:Boston,105,878,604,515,0,0,2102,0.1076,0.5397,0.5
USA:GA,0,528,95,1037,0,0,1660,0.0019,0.0847,0.5
USA:CA,0,543,117,928,0,0,1588,0.0018,0.1127,0.5
USA:TN,0,538,92,882,0,0,1512,0.0019,0.0953,0.5
"USA:Washington, DC",70,152,549,73,521,19,1384,0.317,0.8814,0.9631
USA:CO,0,487,82,781,0,0,1350,0.002,0.096,0.5
USA:TX,0,542,88,687,0,0,1317,0.0018,0.1145,0.5
USA:PA,0,443,75,762,0,0,1280,0.0022,0.0906,0.5
USA:MD,0,438,65,759,0,0,1262,0.0023,0.0799,0.5
USA:IA,0,522,67,650,0,0,1239,0.0019,0.0946,0.5
USA:NM,0,288,73,808,0,0,1169,0.0034,0.0838,0.5
Netherlands,0,335,162,173,440,48,1158,0.003,0.4837,0.9
USA:NY,0,392,72,678,0,0,1142,0.0025,0.0971,0.5
USA:SC,0,437,80,488,0,0,1005,0.0023,0.1421,0.5
USA:MN,0,254,57,603,0,0,914,0.0039,0.0876,0.5
USA:OR,0,349,23,535,0,0,907,0.0028,0.0429,0.5
USA: California,9,136,227,448,9,5,834,0.068,0.3368,0.625
USA:KS,0,349,56,402,0,0,807,0.0028,0.1239,0.5
USA:NC,0,332,52,390,0,0,774,0.003,0.1194,0.5
USA:MO,0,289,71,392,0,0,752,0.0034,0.1548,0.5
USA:SD,0,336,48,335,0,0,719,0.003,0.1273,0.5
Mexico,2,156,253,54,19,135,619,0.0188,0.822,0.1282
USA:WA,0,207,41,313,0,0,561,0.0048,0.118,0.5
Canada: Quebec,0,177,4,174,113,62,530,0.0056,0.0278,0.6441
USA:CT,0,111,29,389,0,1,530,0.0088,0.0714,0.3333
USA:LA,0,101,39,308,0,0,448,0.0097,0.1146,0.5
Canada:Ontario,0,59,4,271,0,0,334,0.0164,0.0181,0.5
USA: Texas,45,11,242,8,10,2,318,0.7931,0.9643,0.7857
Canada:Quebec,0,0,0,316,0,0,316,0.5,0.0031,0.5
Tunisia: Sfax,65,26,93,5,96,4,289,0.7097,0.94,0.951
Israel,0,17,125,147,0,0,289,0.0526,0.4599,0.5
Pakistan,84,30,40,63,46,13,276,0.7328,0.3905,0.7705
Australia: Queensland,0,0,9,259,0,0,268,0.5,0.037,0.5
Norway,0,0,0,0,0,266,266,0.5,0.5,0.0037
Brazil,21,106,17,112,0,0,256,0.1705,0.1374,0.5
Viet Nam,3,62,113,68,0,0,246,0.0597,0.623,0.5
Canada,0,1,14,229,0,0,244,0.3333,0.0612,0.5
"USA: Rochester, NY",18,99,65,28,0,0,210,0.1597,0.6947,0.5
USA:OH,0,88,12,101,0,3,204,0.0111,0.113,0.2
Thailand,43,53,17,78,5,0,196,0.449,0.1856,0.8571
Hong Kong,1,0,150,44,1,0,196,0.6667,0.7704,0.6667
Canada:British Columbia,0,0,0,193,0,0,193,0.5,0.0051,0.5
Nigeria,19,67,27,63,0,0,176,0.2273,0.3043,0.5
Brazil: Curitiba,64,20,24,22,42,1,173,0.7558,0.5208,0.9556
"USA: Nashville, TN",1,42,24,97,0,0,164,0.0444,0.2033,0.5
Zambia,70,10,4,76,0,0,160,0.8659,0.061,0.5
USA:ND,0,64,14,53,0,0,131,0.0152,0.2174,0.5
USA: Minnesota,1,62,28,35,2,0,128,0.0308,0.4462,0.75
Portugal,2,37,35,4,13,26,117,0.0732,0.878,0.3415
Canada:Alberta,0,0,1,111,0,0,112,0.5,0.0175,0.5
USA:NE,0,10,22,71,0,0,103,0.0833,0.2421,0.5
"USA: Irvine, CA",10,23,14,19,21,14,101,0.3143,0.4286,0.5946
USA:WI,0,22,13,65,0,0,100,0.0417,0.175,0.5
USA:RI,0,0,24,24,1,51,100,0.5,0.5,0.037
USA:IL,0,31,5,62,0,0,98,0.0303,0.087,0.5
Germany: Dresden-Kaditz,0,0,12,79,0,0,91,0.5,0.1398,0.5
USA: NM,0,0,0,81,0,0,81,0.5,0.012,0.5
"USA: Rochester, MN",32,6,32,6,0,0,76,0.825,0.825,0.5
Germany,7,30,11,26,0,0,74,0.2051,0.3077,0.5
USA:HI,0,36,2,34,0,0,72,0.0263,0.0789,0.5
USA: MD,0,0,0,71,0,0,71,0.5,0.0137,0.5
USA:MI,0,18,8,43,0,0,69,0.05,0.1698,0.5
USA:FL,0,26,2,40,0,0,68,0.0357,0.0682,0.5
Egypt,6,27,0,34,0,0,67,0.2,0.0278,0.5
USA:VA,0,17,0,42,0,0,59,0.0526,0.0227,0.5
USA: GA,0,0,0,56,0,0,56,0.5,0.0172,0.5
USA: NY,0,0,0,55,0,0,55,0.5,0.0175,0.5
Guadeloupe,0,0,14,13,27,0,54,0.5,0.5172,0.9655
Ireland,46,5,0,0,0,0,51,0.8868,0.5,0.5
USA:NJ,0,16,4,31,0,0,51,0.0556,0.1351,0.5
South Africa,1,2,15,28,0,0,46,0.4,0.3556,0.5
USA: PA,0,0,0,45,0,0,45,0.5,0.0213,0.5
USA:ME,0,23,0,20,0,0,43,0.04,0.0455,0.5
Algeria: Batna,0,0,16,4,23,0,43,0.5,0.7727,0.96
not collected,0,21,17,4,1,0,43,0.0435,0.7826,0.6667
USA:UT,0,11,4,27,0,0,42,0.0769,0.1515,0.5
USA:KY,0,15,1,26,0,0,42,0.0588,0.069,0.5
Taiwan,0,0,14,26,0,0,40,0.5,0.3571,0.5
USA: CA,0,3,0,35,0,0,38,0.2,0.027,0.5
Mexico: Mexico City,19,0,18,1,0,0,38,0.9524,0.9048,0.5
USA:OK,0,17,3,18,0,0,38,0.0526,0.1739,0.5
Australia: WA,0,0,12,25,0,0,37,0.5,0.3333,0.5
USA: CT,0,0,0,36,0,0,36,0.5,0.0263,0.5
USA:AL,0,13,0,23,0,0,36,0.0667,0.04,0.5
USA: MN,0,0,0,34,1,0,35,0.5,0.0278,0.6667
Greece,15,2,15,2,0,0,34,0.8421,0.8421,0.5
USA:ID,0,8,2,23,0,0,33,0.1,0.1111,0.5
South Africa: Pretoria,9,5,8,1,8,1,32,0.625,0.8182,0.8182
USA: CO,0,0,0,31,0,0,31,0.5,0.0303,0.5
Nepal,13,3,4,11,0,0,31,0.7778,0.2941,0.5
Dominican Republic,2,0,27,2,0,0,31,0.75,0.9032,0.5
USA:Cincinnati,0,15,3,12,0,0,30,0.0588,0.2353,0.5
Nigeria: Jos,0,10,0,10,0,10,30,0.0833,0.0833,0.0833
South Korea,0,2,8,18,1,1,30,0.25,0.3214,0.5
Kazakhstan: Almaty,1,23,0,4,0,0,28,0.0769,0.1667,0.5
Jordan,4,6,4,5,6,1,26,0.4167,0.4545,0.7778
Kenya: Nairobi,4,3,6,5,6,1,25,0.5556,0.5385,0.7778
Germany: Cologne,1,11,0,12,0,0,24,0.1429,0.0714,0.5
USA: LA,0,0,0,23,0,0,23,0.5,0.04,0.5
USA: TN,0,0,0,22,0,0,22,0.5,0.0417,0.5
Afghanistan,6,4,9,1,2,0,22,0.5833,0.8333,0.75
USA:IN,0,7,0,15,0,0,22,0.1111,0.0588,0.5
India,9,1,1,1,9,0,21,0.8333,0.5,0.9091
USA:AR,0,7,1,13,0,0,21,0.1111,0.125,0.5
USA: OR,0,0,0,21,0,0,21,0.5,0.0435,0.5
USA: Virginia,2,5,2,5,2,5,21,0.3333,0.3333,0.3333
Australia: ACT,0,0,4,16,0,0,20,0.5,0.2273,0.5
Australia: SA,0,0,2,18,0,0,20,0.5,0.1364,0.5
USA: Alaska,2,6,8,0,0,4,20,0.3,0.9,0.1667
Australia: VIC,0,0,4,16,0,0,20,0.5,0.2273,0.5
Australia: NSW,0,0,3,17,0,0,20,0.5,0.1818,0.5
